symbol,next_earnings_date,fetched_at
AAPL,2026-10-30,2026-10-01
MSFT,2026-10-29,2026-10-01
JPM,2026-10-13,2026-10-01
UNH,2026-10-13,2026-10-01
AVGO,2026-12-10,2026-10-01
LLY,2026-10-29,2026-10-01
CRM,2026-12-03,2026-10-01
A,2026-11-26,2026-10-01
AAL,2026-10-22,2026-10-01
AAT,2026-10-28,2026-10-01
ABBV,2026-10-30,2026-10-01
ABCB,2026-10-23,2026-10-01
ABCL,2026-11-06,2026-10-01
ABM,2026-09-08,2026-10-04
ABNB,2026-11-06,2026-10-01
ABSI,2026-11-17,2026-10-01
ABT,2026-10-21,2026-10-01
ACAD,2026-11-05,2026-10-01
ACGL,2026-10-28,2026-10-01
ACIW,2026-11-05,2026-10-01
ACLS,2026-11-03,2026-10-01
ACT,2026-11-10,2026-10-01
ACVA,2026-11-05,2026-10-01
ADI,2026-11-24,2026-10-01
ADM,2026-11-03,2026-10-01
ADP,2026-10-28,2026-10-01
ADPT,2026-11-05,2026-10-01
AEHR,2026-11-03,2026-10-01
AER,2026-10-28,2026-10-01
AEVA,2026-11-05,2026-10-01
AFL,2026-11-05,2026-10-01
AGL,2026-11-04,2026-10-01
AGM,2026-11-04,2026-10-01
AGYS,2026-10-27,2026-10-01
AHR,2026-11-06,2026-10-01
AIP,2026-11-04,2026-10-01
AIR,2026-09-29,2026-10-03
AIT,2026-10-27,2026-10-01
AIZ,2026-11-04,2026-10-01
AJG,2026-10-30,2026-10-01
AKAM,2026-11-06,2026-10-01
ALAB,2026-11-04,2026-10-01
ALH,2026-11-12,2026-10-01
ALKS,2026-10-28,2026-10-01
ALKT,2026-10-29,2026-10-01
ALL,2026-11-05,2026-10-01
ALNT,2026-11-05,2026-10-01
ALRM,2026-11-06,2026-10-01
ALSN,2026-10-30,2026-10-01
ALV,2026-10-23,2026-10-01
ALX,2026-11-02,2026-10-01
AM,2026-10-29,2026-10-01
AMAT,2026-11-13,2026-10-01
AMBQ,2026-11-05,2026-10-01
AMCR,2026-11-05,2026-10-01
AMD,2026-11-04,2026-10-01
AME,2026-10-29,2026-10-01
AMGN,2026-11-04,2026-10-01
AMH,2026-10-29,2026-10-01
AMLX,2026-11-05,2026-10-01
AMP,2026-10-29,2026-10-01
AMPL,2026-11-05,2026-10-01
AMRX,2026-10-29,2026-10-01
ANAB,2026-11-04,2026-10-01
ANDE,2026-11-04,2026-10-01
ANET,2026-11-04,2026-10-01
ANF,2026-11-25,2026-10-01
ANRO,2026-11-12,2026-10-01
APA,2026-11-05,2026-10-01
APAM,2026-10-28,2026-10-01
APD,2026-11-05,2026-10-01
APLE,2026-11-06,2026-10-01
APO,2026-11-03,2026-10-01
APPF,2026-10-30,2026-10-01
APPN,2026-11-05,2026-10-01
AR,2026-10-29,2026-10-01
ARCB,2026-11-04,2026-10-01
ARCT,2026-11-10,2026-10-01
ARE,2026-10-27,2026-10-01
ARES,2026-10-29,2026-10-01
ARMK,2026-11-24,2026-10-01
ARQT,2026-10-28,2026-10-01
ARW,2026-10-29,2026-10-01
ARWR,2026-11-25,2026-10-01
ASB,2026-10-23,2026-10-01
ASH,2026-11-04,2026-10-01
ASMB,,2026-10-03
ASML,2026-10-14,2026-10-01
ASND,,2026-10-03
ASST,2026-11-10,2026-10-01
ASTH,2026-11-06,2026-10-01
ATEN,2026-11-04,2026-10-01
ATEX,2026-11-12,2026-10-01
ATI,2026-10-27,2026-10-01
ATLC,2026-11-10,2026-10-01
ATR,2026-10-30,2026-10-01
ATRC,2026-10-28,2026-10-01
ATRO,2026-11-06,2026-10-01
AU,2026-11-05,2026-10-01
AUB,2026-10-20,2026-10-01
AUGO,2026-11-06,2026-10-01
AUPH,2026-11-09,2026-10-01
AVAH,2026-11-05,2026-10-01
AVNT,2026-11-09,2026-10-01
AVT,2026-10-28,2026-10-01
AVTR,2026-10-28,2026-10-01
AVTX,2026-11-12,2026-10-01
AWK,2026-10-29,2026-10-01
AWR,2026-11-05,2026-10-01
AX,2026-10-30,2026-10-01
AXGN,2026-10-28,2026-10-01
AXON,2026-11-04,2026-10-01
AXSM,2026-11-02,2026-10-01
AXTA,2026-10-28,2026-10-01
AXTI,2026-10-30,2026-10-01
AYA,2026-11-12,2026-10-01
AYI,2026-10-01,2026-10-03
AZTA,2026-11-21,2026-10-01
AZZ,2026-10-14,2026-10-01
BAC,2026-10-14,2026-10-01
BALL,2026-11-03,2026-10-01
BAM,2026-11-06,2026-10-01
BAND,2026-10-29,2026-10-01
BANR,2026-10-22,2026-10-01
BATRK,2026-11-04,2026-10-01
BAX,2026-10-29,2026-10-01
BBIO,2026-10-29,2026-10-01
BBNX,2026-10-28,2026-10-01
BBT,2026-10-22,2026-10-01
BBVA,2026-10-29,2026-10-01
BCAT,,2026-10-03
BCAX,2026-11-10,2026-10-01
BCPC,2026-10-20,2026-10-01
BCS,2026-10-22,2026-10-01
BDX,2026-11-05,2026-10-01
BE,2026-10-28,2026-10-01
BELFA,2026-10-29,2026-10-01
BELFB,2026-10-29,2026-10-01
BEN,2026-11-06,2026-10-01
BFC,2026-10-21,2026-10-01
BFH,2026-10-22,2026-10-01
BGC,2026-11-05,2026-10-01
BHE,2026-11-04,2026-10-01
BIIB,2026-10-28,2026-10-01
BILL,2026-11-06,2026-10-01
BIO,2026-10-30,2026-10-01
BJRI,2026-10-30,2026-10-01
BKNG,2026-10-28,2026-10-01
BKR,2026-10-28,2026-10-01
BLBD,2026-11-26,2026-10-01
BLFS,2026-11-06,2026-10-01
BLK,2026-10-14,2026-10-01
BLKB,2026-10-28,2026-10-01
BLLN,2026-11-06,2026-10-01
BMNR,2026-11-21,2026-10-01
BMO,2026-12-02,2026-10-01
BMRN,2026-10-27,2026-10-01
BMY,2026-10-29,2026-10-01
BNL,2026-10-29,2026-10-01
BNS,2026-12-02,2026-10-01
BNY,2026-10-15,2026-10-01
BOH,2026-10-26,2026-10-01
BOKF,2026-10-20,2026-10-01
BOX,2026-08-26,2026-10-03
BPOP,2026-10-22,2026-10-01
BRC,2026-11-17,2026-10-01
BRKR,2026-11-03,2026-10-01
BRO,2026-10-27,2026-10-01
BRX,2026-10-27,2026-10-01
BRZE,2026-12-09,2026-10-01
BUSE,2026-10-28,2026-10-01
BWA,2026-10-29,2026-10-01
BWIN,2026-11-04,2026-10-01
BX,2026-10-22,2026-10-01
BXC,2026-11-04,2026-10-01
BXP,2026-10-28,2026-10-01
BY,2026-10-23,2026-10-01
BZ,2026-11-17,2026-10-01
CACC,2026-10-30,2026-10-01
CACI,2026-10-22,2026-10-01
CADL,2026-11-12,2026-10-01
CAH,2026-11-05,2026-10-01
CAI,2026-11-05,2026-10-01
CAKE,2026-10-28,2026-10-01
CALY,2026-11-06,2026-10-01
CARG,2026-11-06,2026-10-01
CART,2026-11-10,2026-10-01
CASY,2026-12-09,2026-10-01
CATY,2026-10-22,2026-10-01
CBC,2026-10-27,2026-10-01
CBL,2026-11-06,2026-10-01
CBOE,2026-10-30,2026-10-01
CBRL,2026-12-09,2026-10-01
CBSH,2026-10-15,2026-10-01
CBT,2026-11-03,2026-10-01
CBU,2026-10-27,2026-10-01
CCEP,2026-08-04,2026-10-03
CCK,2026-10-20,2026-10-01
CCS,2026-10-22,2026-10-01
CDNA,2026-11-04,2026-10-01
CDP,2026-10-30,2026-10-01
CDW,2026-11-03,2026-10-01
CEVA,2026-11-09,2026-10-01
CF,2026-11-05,2026-10-01
CFG,2026-10-16,2026-10-01
CFR,2026-10-29,2026-10-01
CGAU,2026-10-30,2026-10-01
CGEM,2026-11-15,2026-10-01
CGON,2026-11-09,2026-10-01
CHCO,2026-10-21,2026-10-01
CHD,2026-10-30,2026-10-01
CHPT,2026-12-03,2026-10-01
CHRD,2026-11-04,2026-10-01
CHYM,2026-11-05,2026-10-01
CINF,2026-10-27,2026-10-01
CL,2026-10-30,2026-10-01
CLBK,2026-10-21,2026-10-01
CLDX,2026-11-10,2026-10-01
CLF,2026-10-19,2026-10-01
CLMT,2026-11-06,2026-10-01
CLYM,2026-11-13,2026-10-01
CM,2026-12-03,2026-10-01
CMBT,2026-11-26,2026-10-01
CMPR,2026-10-29,2026-10-01
CMPS,2026-11-03,2026-10-01
CNA,2026-11-02,2026-10-01
CNH,2026-11-09,2026-10-01
CNI,2026-10-30,2026-10-01
CNK,2026-11-04,2026-10-01
CNMD,2026-11-05,2026-10-01
CNOB,2026-10-29,2026-10-01
CNQ,2026-11-05,2026-10-01
CNR,2026-11-05,2026-10-01
CNS,2026-10-16,2026-10-01
CNXN,2026-10-29,2026-10-01
COF,2026-10-21,2026-10-01
COHU,2026-10-30,2026-10-01
COLB,2026-10-23,2026-10-01
CON,2026-11-06,2026-10-01
COP,2026-11-05,2026-10-01
CORT,2026-11-05,2026-10-01
CP,2026-10-29,2026-10-01
CPAY,2026-11-05,2026-10-01
CPK,2026-11-06,2026-10-01
CRAI,2026-11-05,2026-10-01
CRGY,2026-11-03,2026-10-01
CRL,2026-11-04,2026-10-01
CROX,2026-10-29,2026-10-01
CRS,2026-10-22,2026-10-01
CRSP,2026-11-10,2026-10-01
CRSR,2026-11-04,2026-10-01
CRVL,2026-11-03,2026-10-01
CRWD,2026-12-02,2026-10-01
CSCO,2026-11-13,2026-10-01
CSTL,2026-11-03,2026-10-01
CSW,2026-10-29,2026-10-01
CSWC,2026-11-03,2026-10-01
CSX,2026-10-22,2026-10-01
CTAS,2026-12-17,2026-10-01
CTRE,2026-11-10,2026-10-01
CTRN,2026-08-25,2026-10-03
CTVA,2026-11-04,2026-10-01
CUBE,2026-10-30,2026-10-01
CUBI,2026-10-23,2026-10-01
CUE,,2026-10-03
CURB,2026-10-27,2026-10-01
CUZ,2026-10-30,2026-10-01
CVBF,2026-10-22,2026-10-01
CVE,2026-10-29,2026-10-01
CVI,2026-10-29,2026-10-01
CVS,2026-10-28,2026-10-01
CVSA,2026-10-30,2026-10-01
CVX,2026-10-30,2026-10-01
CWT,2026-10-30,2026-10-01
CYRX,2026-11-04,2026-10-01
CYTK,2026-11-06,2026-10-01
D,2026-10-30,2026-10-01
DAC,2026-11-17,2026-10-01
DAL,2026-10-09,2026-10-01
DAR,2026-10-29,2026-10-01
DASH,2026-11-05,2026-10-01
DB,2026-10-28,2026-10-01
DBX,2026-11-06,2026-10-01
DCI,2026-08-26,2026-10-03
DCO,2026-11-05,2026-10-01
DCOM,2026-10-22,2026-10-01
DDOG,2026-11-05,2026-10-01
DDS,2026-11-12,2026-10-01
DE,2026-11-25,2026-10-01
DGX,2026-10-22,2026-10-01
DHR,2026-10-21,2026-10-01
DHT,2026-10-29,2026-10-01
DIN,2026-11-04,2026-10-01
DINO,2026-10-28,2026-10-01
DJCO,2026-08-13,2026-10-03
DK,2026-11-06,2026-10-01
DLO,2026-11-12,2026-10-01
DLR,2026-10-23,2026-10-01
DLTR,2026-08-27,2026-10-03
DMRA,2026-11-06,2026-10-01
DNLI,2026-11-06,2026-10-01
DNTH,2026-11-06,2026-10-01
DOC,2026-10-23,2026-10-01
DOCN,2026-11-04,2026-10-01
DOCU,2026-12-04,2026-10-01
DORM,2026-10-27,2026-10-01
DRI,2026-12-24,2026-10-01
DSGN,2026-11-05,2026-10-01
DT,2026-11-04,2026-10-01
DVA,2026-10-29,2026-10-01
DXCM,2026-10-30,2026-10-01
DYN,2026-11-06,2026-10-01
EAT,2026-10-28,2026-10-01
EBC,2026-10-23,2026-10-01
ECO,2026-11-12,2026-10-01
EDRY,2026-11-12,2026-10-01
EDU,2026-10-28,2026-10-01
EE,2026-11-05,2026-10-01
EFC,2026-11-05,2026-10-01
EFSC,2026-10-27,2026-10-01
EFXT,2026-10-29,2026-10-01
EGO,2026-10-29,2026-10-01
EGP,2026-10-22,2026-10-01
EL,2026-11-02,2026-10-01
ELF,2026-11-05,2026-10-01
ELVN,2026-11-12,2026-10-01
EMBJ,2026-11-10,2026-10-01
EMR,2026-11-05,2026-10-01
ENLT,2026-11-11,2026-10-01
ENVA,2026-10-23,2026-10-01
EPD,2026-10-27,2026-10-01
EPR,2026-10-29,2026-10-01
EQH,2026-11-03,2026-10-01
EQIX,2026-10-29,2026-10-01
EQNR,2026-10-28,2026-10-01
ERAS,2026-11-12,2026-10-01
ERO,2026-11-04,2026-10-01
ES,2026-11-05,2026-10-01
ESE,2026-11-20,2026-10-01
ESI,2026-10-28,2026-10-01
ESNT,2026-11-06,2026-10-01
ESQ,2026-10-22,2026-10-01
ESS,2026-10-28,2026-10-01
ESTA,2026-11-04,2026-10-01
ESTC,2026-11-20,2026-10-01
ETD,2026-10-29,2026-10-01
ETON,2026-11-13,2026-10-01
ETSY,2026-11-05,2026-10-01
EVER,2026-11-03,2026-10-01
EVRG,2026-11-05,2026-10-01
EWBC,2026-10-21,2026-10-01
EWTX,2026-11-05,2026-10-01
EXLS,2026-10-28,2026-10-01
EXPD,2026-11-03,2026-10-01
EXPE,2026-11-06,2026-10-01
EXPO,2026-10-30,2026-10-01
EXR,2026-10-29,2026-10-01
EXTR,2026-10-28,2026-10-01
EZPW,2026-11-19,2026-10-01
F,2026-10-23,2026-10-01
FA,2026-11-05,2026-10-01
FAF,2026-10-22,2026-10-01
FANG,2026-11-03,2026-10-01
FBK,2026-10-13,2026-10-01
FBNC,2026-10-22,2026-10-01
FBP,2026-10-22,2026-10-01
FCF,2026-10-28,2026-10-01
FCNCA,2026-10-23,2026-10-01
FDS,2026-12-17,2026-10-01
FDX,2026-10-29,2026-10-01
FEIM,2026-12-11,2026-10-01
FELE,2026-10-27,2026-10-01
FET,2026-10-30,2026-10-01
FFBC,2026-10-23,2026-10-01
FFIN,2026-10-23,2026-10-01
FFIV,2026-10-27,2026-10-01
FHI,2026-10-30,2026-10-01
FHN,2026-10-15,2026-10-01
FIBK,2026-10-29,2026-10-01
FIGS,2026-11-06,2026-10-01
FITB,2026-10-19,2026-10-01
FIVE,2026-12-03,2026-10-01
FIVN,2026-11-10,2026-10-01
FLR,2026-11-06,2026-10-01
FLS,2026-10-28,2026-10-01
FLYW,2026-11-04,2026-10-01
FNB,2026-10-20,2026-10-01
FNV,2026-11-04,2026-10-01
FORM,2026-10-29,2026-10-01
FOX,2026-10-29,2026-10-01
FOXA,2026-10-29,2026-10-01
FR,2026-10-22,2026-10-01
FRHC,2026-11-06,2026-10-01
FRME,2026-10-22,2026-10-01
FRNM,,2026-10-03
FRO,2026-08-28,2026-10-04
FRPT,2026-11-02,2026-10-01
FRSH,2026-11-04,2026-10-01
FRT,2026-10-30,2026-10-01
FSLY,2026-11-05,2026-10-01
FSM,2026-11-05,2026-10-01
FSS,2026-10-29,2026-10-01
FSUN,2026-10-27,2026-10-01
FTDR,2026-11-04,2026-10-01
FTH,2026-11-03,2026-10-01
FTI,2026-10-29,2026-10-01
FTK,2026-11-04,2026-10-01
FTNT,2026-11-05,2026-10-01
FTRE,2026-11-05,2026-10-01
FTV,2026-10-28,2026-10-01
FULT,2026-10-21,2026-10-01
FWONA,2026-11-05,2026-10-01
GCT,2026-11-05,2026-10-01
GD,2026-10-28,2026-10-01
GDDY,2026-10-30,2026-10-01
GE,2026-10-20,2026-10-01
GEN,2026-11-06,2026-10-01
GFL,2026-10-29,2026-10-01
GH,2026-10-29,2026-10-01
GHM,2026-11-06,2026-10-01
GIII,2026-09-02,2026-10-03
GILD,2026-10-30,2026-10-01
GKOS,2026-10-29,2026-10-01
GL,2026-10-22,2026-10-01
GLBE,2026-11-18,2026-10-01
GLNG,2026-11-05,2026-10-01
GM,2026-10-20,2026-10-01
GO,2026-11-04,2026-10-01
GPC,2026-10-20,2026-10-01
GPN,2026-11-03,2026-10-01
GPRE,2026-11-04,2026-10-01
GPRK,2026-11-05,2026-10-01
GRAL,2026-11-12,2026-10-01
GRC,2026-10-23,2026-10-01
GRDN,2026-11-10,2026-10-01
GRMN,2026-10-28,2026-10-01
GRPN,2026-11-06,2026-10-01
GS,2026-10-13,2026-10-01
GSHD,2026-10-22,2026-10-01
GSL,2026-11-09,2026-10-01
GTLB,2026-12-02,2026-10-01
GTX,2026-10-22,2026-10-01
GTY,2026-10-22,2026-10-01
GWRE,2026-12-04,2026-10-01
H,2026-10-29,2026-10-01
HAE,2026-11-05,2026-10-01
HALO,2026-11-03,2026-10-01
HAPN,2026-10-22,2026-10-01
HAS,2026-10-20,2026-10-01
HASI,2026-11-06,2026-10-01
HBNC,2026-10-22,2026-10-01
HCC,2026-11-05,2026-10-01
HCI,2026-11-06,2026-10-01
HCSG,2026-10-21,2026-10-01
HEI,2026-08-26,2026-10-03
HELP,2026-11-12,2026-10-01
HESM,2026-11-02,2026-10-01
HFWA,2026-10-22,2026-10-01
HG,2026-11-04,2026-10-01
HIG,2026-10-27,2026-10-01
HIW,2026-10-28,2026-10-01
HLIO,2026-11-06,2026-10-01
HLIT,2026-10-27,2026-10-01
HLT,2026-10-27,2026-10-01
HMN,2026-11-04,2026-10-01
HMY,2026-08-27,2026-10-03
HNGE,2026-11-04,2026-10-01
HOG,2026-11-04,2026-10-01
HOMB,2026-10-15,2026-10-01
HOOD,2026-11-05,2026-10-01
HOPE,2026-10-27,2026-10-01
HOV,2026-08-20,2026-10-03
HP,2026-11-17,2026-10-01
HPE,2026-09-03,2026-10-04
HPQ,2026-11-25,2026-10-01
HQY,2026-08-27,2026-10-03
HR,2026-10-30,2026-10-01
HRB,2026-11-06,2026-10-01
HRMY,2026-11-03,2026-10-01
HRTG,2026-11-05,2026-10-01
HSBC,2026-10-27,2026-10-01
HSIC,2026-11-03,2026-10-01
HST,2026-11-05,2026-10-01
HTB,2026-10-22,2026-10-01
HTFL,2026-11-12,2026-10-01
HTGC,2026-10-30,2026-10-01
HTO,2026-10-27,2026-10-01
HUM,2026-11-06,2026-10-01
HUT,2026-11-04,2026-10-01
HWC,2026-10-21,2026-10-01
HWM,2026-10-29,2026-10-01
HXL,2026-10-22,2026-10-01
IAG,2026-11-04,2026-10-01
IBN,2026-10-18,2026-10-01
IBOC,2026-11-06,2026-10-01
ICFI,2026-11-06,2026-10-01
ICHR,2026-11-03,2026-10-01
ICUI,2026-11-06,2026-10-01
IDT,2026-12-04,2026-10-01
IEX,2026-10-28,2026-10-01
IIPR,2026-11-03,2026-10-01
ILMN,2026-10-30,2026-10-01
IMAX,2026-10-29,2026-10-01
IMMX,2026-11-07,2026-10-01
IMNM,2026-11-06,2026-10-01
IMO,2026-10-30,2026-10-01
IMVT,2026-11-09,2026-10-01
INBX,2026-11-14,2026-10-01
INDB,2026-10-23,2026-10-01
INDV,2026-11-05,2026-10-01
ING,2026-10-29,2026-10-01
INSP,2026-11-03,2026-10-01
INSW,2026-11-05,2026-10-01
INTA,2026-11-04,2026-10-01
INTC,2026-10-23,2026-10-01
INVH,2026-10-29,2026-10-01
INVX,2026-11-04,2026-10-01
IOSP,2026-11-04,2026-10-01
IOVA,2026-11-05,2026-10-01
IP,2026-10-28,2026-10-01
IQV,2026-10-27,2026-10-01
IRM,2026-11-04,2026-10-01
IRON,2026-11-05,2026-10-01
IT,2026-11-03,2026-10-01
ITIC,2026-11-05,2026-10-01
ITRI,2026-10-29,2026-10-01
ITW,2026-10-23,2026-10-01
IVT,2026-10-28,2026-10-01
IVZ,2026-10-27,2026-10-01
J,2026-11-20,2026-10-01
JANX,2026-11-06,2026-10-01
JAZZ,2026-11-05,2026-10-01
JBHT,2026-10-16,2026-10-01
JBIO,2026-11-12,2026-10-01
JBL,2026-12-16,2026-10-01
JOE,2026-10-29,2026-10-01
JXN,2026-11-04,2026-10-01
KB,2026-10-29,2026-10-01
KEX,2026-10-28,2026-10-01
KEY,2026-10-20,2026-10-01
KEYS,2026-11-25,2026-10-01
KFRC,2026-10-27,2026-10-01
KFY,2026-12-08,2026-10-01
KGS,2026-11-04,2026-10-01
KHC,2026-10-28,2026-10-01
KIM,2026-10-29,2026-10-01
KKR,2026-11-09,2026-10-01
KLIC,2026-11-19,2026-10-01
KMB,2026-11-03,2026-10-01
KMX,2026-12-17,2026-10-01
KNSA,2026-10-27,2026-10-01
KNSL,2026-10-23,2026-10-01
KNTK,2026-11-05,2026-10-01
KNX,2026-10-22,2026-10-01
KOD,2026-11-13,2026-10-01
KRC,2026-10-23,2026-10-01
KRG,2026-11-04,2026-10-01
KSPI,2026-10-21,2026-10-01
KSS,2026-11-24,2026-10-01
KTB,2026-10-29,2026-10-01
KURA,2026-11-04,2026-10-01
KVUE,2026-11-05,2026-10-01
L,2026-11-02,2026-10-01
LAD,2026-10-21,2026-10-01
LAMR,2026-11-05,2026-10-01
LAUR,2026-10-29,2026-10-01
LB,2026-11-10,2026-10-01
LBRX,2026-11-12,2026-10-01
LECO,2026-10-27,2026-10-01
LGIH,2026-11-03,2026-10-01
LGND,2026-11-05,2026-10-01
LH,2026-10-28,2026-10-01
LIND,2026-11-03,2026-10-01
LINE,2026-11-11,2026-10-01
LION,2026-11-06,2026-10-01
LIVN,2026-11-04,2026-10-01
LKFN,2026-10-26,2026-10-01
LNC,2026-11-05,2026-10-01
LOAR,2026-11-12,2026-10-01
LPG,2026-11-05,2026-10-01
LPLA,2026-10-30,2026-10-01
LSCC,2026-11-03,2026-10-01
LTH,2026-11-03,2026-10-01
LW,2026-10-06,2026-10-01
LYB,2026-10-30,2026-10-01
LYFT,2026-11-05,2026-10-01
MA,2026-10-29,2026-10-01
MAC,2026-11-04,2026-10-01
MAIN,2026-11-06,2026-10-01
MAMA,2026-12-04,2026-10-01
MAN,2026-10-15,2026-10-01
MANH,2026-10-28,2026-10-01
MAR,2026-11-03,2026-10-01
MARA,2026-11-05,2026-10-01
MAS,2026-10-28,2026-10-01
MATX,2026-11-05,2026-10-01
MBX,2026-11-05,2026-10-01
MCB,2026-10-23,2026-10-01
MCO,2026-10-21,2026-10-01
MCRI,2026-10-21,2026-10-01
MCY,2026-11-04,2026-10-01
MD,2026-11-02,2026-10-01
MDB,2026-12-02,2026-10-01
MDGL,2026-11-04,2026-10-01
MDT,2026-11-17,2026-10-01
MEDP,2026-10-22,2026-10-01
MELI,2026-11-05,2026-10-01
MEOH,2026-10-30,2026-10-01
MGA,2026-10-30,2026-10-01
MGM,2026-10-29,2026-10-01
MGNI,2026-11-05,2026-10-01
MGTX,2026-11-12,2026-10-01
MHK,2026-10-30,2026-10-01
MHO,2026-10-21,2026-10-01
MIRM,2026-11-05,2026-10-01
MKSI,2026-11-05,2026-10-01
MLAB,2026-11-06,2026-10-01
MLI,2026-10-20,2026-10-01
MLKN,2026-12-16,2026-10-01
MMSI,2026-10-30,2026-10-01
MNPR,2026-11-13,2026-10-01
MNST,2026-11-06,2026-10-01
MORN,2026-10-29,2026-10-01
MPWR,2026-10-30,2026-10-01
MRAM,2026-11-12,2026-10-01
MRCY,2026-11-04,2026-10-01
MRK,2026-10-29,2026-10-01
MRNA,2026-11-05,2026-10-01
MRSH,2026-10-15,2026-10-01
MRTN,2026-10-23,2026-10-01
MRVL,2026-12-02,2026-10-01
MS,2026-10-14,2026-10-01
MSA,2026-10-28,2026-10-01
MSGE,2026-11-05,2026-10-01
MSI,2026-11-06,2026-10-01
MT,2026-11-05,2026-10-01
MTB,2026-10-16,2026-10-01
MTCH,2026-11-04,2026-10-01
MTD,2026-11-06,2026-10-01
MTDR,2026-10-28,2026-10-01
MTG,2026-10-29,2026-10-01
MTN,2026-12-10,2026-10-01
MTW,2026-11-05,2026-10-01
MU,2026-12-24,2026-10-01
MUSA,2026-10-29,2026-10-01
MXL,2026-10-23,2026-10-01
NAVN,2026-09-10,2026-10-03
NBHC,2026-10-28,2026-10-01
NBIX,2026-10-29,2026-10-01
NBN,2026-10-27,2026-10-01
NBR,2026-10-28,2026-10-01
NBTB,2026-10-27,2026-10-01
NCNO,2026-08-26,2026-10-03
NDAQ,2026-10-22,2026-10-01
NDSN,2026-08-20,2026-10-04
NEM,2026-10-23,2026-10-01
NEO,2026-10-28,2026-10-01
NEOG,2026-10-07,2026-10-01
NESR,2026-11-12,2026-10-01
NET,2026-10-30,2026-10-01
NGNE,2026-11-12,2026-10-01
NGVT,2026-11-05,2026-10-01
NIQ,2026-11-13,2026-10-01
NKTR,2026-11-13,2026-10-01
NMIH,2026-11-04,2026-10-01
NNN,2026-11-04,2026-10-01
NOG,2026-11-10,2026-10-01
NOMD,2026-11-05,2026-10-01
NOV,2026-10-28,2026-10-01
NOW,2026-10-29,2026-10-01
NP,2026-11-12,2026-10-01
NPK,2026-10-24,2026-10-01
NPO,2026-11-03,2026-10-01
NRIX,2026-10-09,2026-10-01
NSC,2026-10-22,2026-10-01
NSIT,2026-10-29,2026-10-01
NSP,2026-11-04,2026-10-01
NTAP,2026-12-02,2026-10-01
NTNX,2026-11-26,2026-10-01
NTR,2026-11-05,2026-10-01
NTRA,2026-11-06,2026-10-01
NTRS,2026-10-21,2026-10-01
NTSK,2026-09-03,2026-10-03
NTST,2026-10-27,2026-10-01
NUE,2026-10-27,2026-10-01
NUTX,2026-11-06,2026-10-01
NVAX,2026-11-05,2026-10-01
NVCR,2026-10-29,2026-10-01
NVEC,2026-10-22,2026-10-01
NVGS,2026-11-05,2026-10-01
NVS,2026-10-27,2026-10-01
NVST,2026-10-29,2026-10-01
NWBI,2026-10-27,2026-10-01
NWPX,2026-10-29,2026-10-01
NWS,2026-11-06,2026-10-01
NWSA,2026-11-06,2026-10-01
OC,2026-11-04,2026-10-01
OCFC,2026-10-29,2026-10-01
OFG,2026-10-21,2026-10-01
OHI,2026-11-04,2026-10-01
OII,2026-10-22,2026-10-01
OKE,2026-10-28,2026-10-01
OKTA,2026-12-02,2026-10-01
OMER,2026-11-13,2026-10-01
OMF,2026-10-30,2026-10-01
ONB,2026-10-21,2026-10-01
OOMA,2026-08-27,2026-10-03
OPY,2026-10-30,2026-10-01
ORI,2026-10-22,2026-10-01
ORIC,2026-11-13,2026-10-01
ORKA,2026-11-11,2026-10-01
OSBC,2026-10-22,2026-10-01
OSCR,2026-11-09,2026-10-01
OSK,2026-10-28,2026-10-01
OSPN,2026-10-30,2026-10-01
OSW,2026-10-28,2026-10-01
OUST,2026-11-04,2026-10-01
OUT,2026-11-06,2026-10-01
OVV,2026-11-05,2026-10-01
OXY,2026-11-10,2026-10-01
OZK,2026-10-21,2026-10-01
P,2026-08-27,2026-10-03
PACS,2026-11-10,2026-10-01
PAG,2026-10-28,2026-10-01
PAGP,2026-11-04,2026-10-01
PANW,2026-11-20,2026-10-01
PARR,2026-11-04,2026-10-01
PATH,2026-12-03,2026-10-01
PAY,2026-11-03,2026-10-01
PAYC,2026-11-05,2026-10-01
PCOR,2026-11-05,2026-10-01
PCVX,2026-11-04,2026-10-01
PD,2026-11-25,2026-10-01
PDFS,2026-11-06,2026-10-01
PEB,2026-10-30,2026-10-01
PEBO,2026-10-20,2026-10-01
PECO,2026-10-27,2026-10-01
PENN,2026-11-05,2026-10-01
PFE,2026-11-03,2026-10-01
PFG,2026-10-27,2026-10-01
PFGC,2026-11-04,2026-10-01
PFS,2026-10-30,2026-10-01
PGNY,2026-11-06,2026-10-01
PGR,2026-10-14,2026-10-01
PGY,2026-11-10,2026-10-01
PH,2026-11-05,2026-10-01
PHM,2026-10-22,2026-10-01
PHVS,2026-11-12,2026-10-01
PI,2026-10-29,2026-10-01
PINS,2026-11-10,2026-10-01
PJT,2026-11-03,2026-10-01
PKG,2026-10-22,2026-10-01
PLD,2026-10-15,2026-10-01
PLGO,2026-11-12,2026-10-01
PLMR,2026-11-06,2026-10-01
PLPC,2026-10-29,2026-10-01
PLSE,2026-11-06,2026-10-01
PLTR,2026-11-03,2026-10-01
PLUS,2026-11-10,2026-10-01
PLXS,2026-10-29,2026-10-01
PNC,2026-10-15,2026-10-01
PNFP,2026-10-22,2026-10-01
PNRG,2026-11-17,2026-10-01
PNTG,2026-11-05,2026-10-01
PR,2026-11-05,2026-10-01
PRAX,2026-11-09,2026-10-01
PRCH,2026-11-05,2026-10-01
PRG,2026-10-28,2026-10-01
PRGO,2026-11-04,2026-10-01
PRGS,2026-10-01,2026-10-03
PRI,2026-11-05,2026-10-01
PRK,2026-10-27,2026-10-01
PRKS,2026-11-05,2026-10-01
PRLB,2026-10-30,2026-10-01
PRMB,2026-11-12,2026-10-01
PRSU,2026-11-05,2026-10-01
PRU,2026-10-29,2026-10-01
PSA,2026-10-29,2026-10-01
PSMT,2026-10-27,2026-10-01
PSNL,2026-11-04,2026-10-01
PSX,2026-10-28,2026-10-01
PTEN,2026-10-22,2026-10-01
PTGX,2026-11-06,2026-10-01
PTRN,2026-11-05,2026-10-01
PUBM,2026-11-10,2026-10-01
PVH,2026-12-03,2026-10-01
PYPL,2026-10-27,2026-10-01
Q,2026-11-04,2026-10-01
QCOM,2026-11-05,2026-10-01
QCRH,2026-10-21,2026-10-01
QMCO,2026-11-10,2026-10-01
QNST,2026-11-06,2026-10-01
QRVO,2026-11-10,2026-10-01
QSR,2026-10-29,2026-10-01
QURE,2026-11-09,2026-10-01
R,2026-10-22,2026-10-01
RAL,2026-10-27,2026-10-01
RAPP,2026-11-05,2026-10-01
RBRK,2026-08-28,2026-10-03
RCUS,2026-10-28,2026-10-01
RDN,2026-11-04,2026-10-01
RDNT,2026-11-06,2026-10-01
RDVT,2026-11-05,2026-10-01
REGN,2026-10-30,2026-10-01
RELY,2026-11-05,2026-10-01
REPL,2026-11-05,2026-10-01
REPX,2026-11-05,2026-10-01
REXR,2026-10-23,2026-10-01
REYN,2026-11-04,2026-10-01
RF,2026-10-16,2026-10-01
RGEN,2026-11-03,2026-10-01
RHI,2026-10-22,2026-10-01
RHP,2026-11-03,2026-10-01
RIGL,2026-11-04,2026-10-01
RIO,2026-07-29,2026-10-03
RIOT,2026-10-30,2026-10-01
RJF,2026-10-29,2026-10-01
RLAY,2026-11-06,2026-10-01
RLI,2026-10-20,2026-10-01
RNG,2026-11-06,2026-10-01
RNST,2026-10-28,2026-10-01
ROCK,2026-10-29,2026-10-01
ROG,2026-10-30,2026-10-01
ROIV,2026-11-09,2026-10-01
ROK,2026-11-05,2026-10-01
ROP,2026-10-22,2026-10-01
ROST,2026-11-20,2026-10-01
RPRX,2026-11-04,2026-10-01
RRC,2026-10-28,2026-10-01
RSG,2026-10-30,2026-10-01
RSI,2026-10-29,2026-10-01
RTX,2026-10-20,2026-10-01
RUSHA,2026-10-29,2026-10-01
RUSHB,2026-10-29,2026-10-01
RYTM,2026-11-03,2026-10-01
RYZ,2026-11-04,2026-10-01
S,2026-08-28,2026-10-04
SAH,2026-10-29,2026-10-01
SAIC,2026-08-31,2026-10-03
SAIL,2026-09-09,2026-10-03
SAN,2026-10-28,2026-10-01
SAP,2026-10-22,2026-10-01
SBCF,2026-10-27,2026-10-01
SBH,2026-11-12,2026-10-01
SBRA,2026-11-05,2026-10-01
SBUX,2026-10-29,2026-10-01
SCHW,2026-10-15,2026-10-01
SCSC,2026-11-05,2026-10-01
SDGR,2026-11-05,2026-10-01
SEIC,2026-10-22,2026-10-01
SENEA,2026-11-05,2026-10-01
SEZL,2026-11-05,2026-10-01
SF,2026-10-21,2026-10-01
SFBS,2026-10-20,2026-10-01
SFL,2026-11-10,2026-10-01
SGHC,2026-11-04,2026-10-01
SHO,2026-11-06,2026-10-01
SHOO,2026-11-04,2026-10-01
SHW,2026-10-27,2026-10-01
SIBN,2026-11-10,2026-10-01
SIG,2026-12-01,2026-10-01
SIGI,2026-10-22,2026-10-01
SIRI,2026-11-05,2026-10-01
SKM,2026-10-30,2026-10-01
SKT,2026-11-05,2026-10-01
SKWD,2026-10-30,2026-10-01
SLS,2026-11-12,2026-10-01
SM,2026-11-03,2026-10-01
SMA,2026-11-05,2026-10-01
SMCI,2026-11-04,2026-10-01
SMTC,2026-11-24,2026-10-01
SN,2026-11-05,2026-10-01
SNA,2026-10-15,2026-10-01
SNDK,2026-10-30,2026-10-01
SNDR,2026-10-30,2026-10-01
SNOW,2026-12-03,2026-10-01
SNX,2026-09-24,2026-10-04
SOBO,2026-11-05,2026-10-01
SON,2026-10-22,2026-10-01
SONO,2026-11-12,2026-10-01
SPB,2026-11-13,2026-10-01
SPG,2026-11-03,2026-10-01
SRRK,2026-11-12,2026-10-01
SSB,2026-10-22,2026-10-01
SSNC,2026-10-23,2026-10-01
SSRM,2026-11-04,2026-10-01
STBA,2026-10-22,2026-10-01
STM,2026-10-29,2026-10-01
STNG,2026-10-29,2026-10-01
STRA,2026-11-05,2026-10-01
STT,2026-10-14,2026-10-01
SW,2026-10-28,2026-10-01
SWK,2026-11-04,2026-10-01
SWKS,2026-11-04,2026-10-01
SWX,2026-11-04,2026-10-01
SXI,2026-10-30,2026-10-01
SXT,2026-10-30,2026-10-01
SYBT,2026-10-28,2026-10-01
SYF,2026-10-20,2026-10-01
SYNA,2026-11-06,2026-10-01
SYRE,2026-11-04,2026-10-01
TALO,2026-11-04,2026-10-01
TARS,2026-11-04,2026-10-01
TBBB,2026-11-19,2026-10-01
TBBK,2026-10-30,2026-10-01
TCBK,2026-10-22,2026-10-01
TDW,2026-11-10,2026-10-01
TDY,2026-10-21,2026-10-01
TEAM,2026-10-30,2026-10-01
TEM,2026-11-04,2026-10-01
TEN,2026-11-19,2026-10-01
TEVA,2026-11-04,2026-10-01
TEX,2026-10-29,2026-10-01
TFC,2026-10-16,2026-10-01
TFII,2026-10-30,2026-10-01
TFIN,2026-10-23,2026-10-01
TFSL,2026-10-30,2026-10-01
TFX,2026-10-29,2026-10-01
TGTX,2026-11-02,2026-10-01
TH,2026-11-05,2026-10-01
THFF,2026-11-03,2026-10-01
THG,2026-10-29,2026-10-01
THRM,2026-10-22,2026-10-01
TJGC,,2026-10-04
TKR,2026-10-28,2026-10-01
TMO,2026-10-21,2026-10-01
TMP,2026-10-23,2026-10-01
TNDM,2026-11-06,2026-10-01
TNET,2026-10-28,2026-10-01
TOWN,2026-10-22,2026-10-01
TROW,2026-10-30,2026-10-01
TRP,2026-11-05,2026-10-01
TRU,2026-10-27,2026-10-01
TRV,2026-10-16,2026-10-01
TRVI,2026-11-13,2026-10-01
TSM,2026-10-15,2026-10-01
TTAN,2026-12-04,2026-10-01
TTC,2026-09-03,2026-10-04
TTE,2026-10-30,2026-10-01
TTEK,2026-11-12,2026-10-01
TTWO,2026-11-09,2026-10-01
TVTX,2026-10-30,2026-10-01
TWLO,2026-10-30,2026-10-01
TWST,2026-11-16,2026-10-01
TXG,2026-11-06,2026-10-01
TXN,2026-10-28,2026-10-01
TXRH,2026-11-06,2026-10-01
U,2026-11-04,2026-10-01
UAL,2026-10-21,2026-10-01
UBS,2026-10-28,2026-10-01
UBSI,2026-10-22,2026-10-01
UCB,2026-10-20,2026-10-01
UE,2026-10-28,2026-10-01
UFPT,2026-11-03,2026-10-01
UGI,2026-11-19,2026-10-01
UMBF,2026-10-28,2026-10-01
UMC,2026-10-28,2026-10-01
UMH,2026-11-03,2026-10-01
UNF,2026-10-21,2026-10-01
UNM,2026-11-04,2026-10-01
UNP,2026-10-22,2026-10-01
USB,2026-10-15,2026-10-01
USFD,2026-11-05,2026-10-01
USPH,2026-11-05,2026-10-01
UTF,,2026-10-03
UVSP,2026-10-29,2026-10-01
VAL,2026-10-29,2026-10-01
VCEL,2026-11-05,2026-10-01
VCTR,2026-11-06,2026-10-01
VCYT,2026-11-04,2026-10-01
VECO,2026-11-05,2026-10-01
VEEV,2026-11-26,2026-10-01
VET,2026-11-05,2026-10-01
VG,2026-11-09,2026-10-01
VIA,2026-11-05,2026-10-01
VICR,2026-10-20,2026-10-01
VIK,2026-11-18,2026-10-01
VIR,2026-11-05,2026-10-01
VIRT,2026-11-04,2026-10-01
VLO,2026-10-22,2026-10-01
VLY,2026-10-29,2026-10-01
VMI,2026-10-20,2026-10-01
VMRK,2026-10-22,2026-10-01
VNO,2026-11-03,2026-10-01
VOR,2026-11-13,2026-10-01
VOYA,2026-11-04,2026-10-01
VOYG,2026-11-03,2026-10-01
VPG,2026-11-03,2026-10-01
VRNS,2026-10-28,2026-10-01
VRSN,2026-10-23,2026-10-01
VRTS,2026-10-30,2026-10-01
VSEC,2026-11-03,2026-10-01
VSTS,2026-11-20,2026-10-01
VTOL,2026-11-04,2026-10-01
VTRS,2026-11-05,2026-10-01
VZ,2026-10-26,2026-10-01
WAB,2026-10-21,2026-10-01
WAFD,2026-10-16,2026-10-01
WAT,2026-11-03,2026-10-01
WBI,2026-11-05,2026-10-01
WCC,2026-10-29,2026-10-01
WDAY,2026-08-28,2026-10-03
WERN,2026-10-28,2026-10-01
WEX,2026-10-29,2026-10-01
WFC,2026-10-13,2026-10-01
WGS,2026-10-28,2026-10-01
WHD,2026-11-05,2026-10-01
WK,2026-11-05,2026-10-01
WMB,2026-11-03,2026-10-01
WMK,2026-11-04,2026-10-01
WOR,2026-12-16,2026-10-01
WPM,2026-11-06,2026-10-01
WRB,2026-10-20,2026-10-01
WRBY,2026-11-05,2026-10-01
WRLD,2026-10-22,2026-10-01
WSBC,2026-10-22,2026-10-01
WSFS,2026-10-23,2026-10-01
WSM,2026-11-18,2026-10-01
WST,2026-10-22,2026-10-01
WT,2026-10-30,2026-10-01
WTFC,2026-10-20,2026-10-01
WTRG,2026-11-05,2026-10-01
WTW,2026-10-29,2026-10-01
XMTR,2026-11-03,2026-10-01
XNCR,2026-11-05,2026-10-01
XPO,2026-10-29,2026-10-01
XPRO,2026-10-22,2026-10-01
YETI,2026-11-05,2026-10-01
ZBH,2026-11-05,2026-10-01
ZBRA,2026-11-03,2026-10-01
ZD,2026-11-06,2026-10-01
ZETA,2026-11-04,2026-10-01
ZIM,2026-11-19,2026-10-01
ZION,2026-10-20,2026-10-01
ZS,2026-11-25,2026-10-01
ZWS,2026-10-28,2026-10-01
ZYME,2026-11-06,2026-10-01
DEA,2026-10-26,2026-10-01
DELL,2026-11-28,2026-10-01
DGII,2026-11-12,2026-10-01
JHX,2026-11-06,2026-10-01
JJSF,2026-11-17,2026-10-01
JLL,2026-10-28,2026-10-01
KMTS,2026-12-15,2026-10-01
LEVI,2026-10-08,2026-10-01
LFST,2026-11-05,2026-10-01
LLYVA,2026-11-05,2026-10-01
LQDA,2026-11-03,2026-10-01
LSTR,2026-10-28,2026-10-01
LTC,2026-11-04,2026-10-01
MG,2026-11-05,2026-10-01
MMM,2026-10-20,2026-10-01
MPC,2026-11-03,2026-10-01
NEU,2026-11-06,2026-10-01
NIC,2026-10-21,2026-10-01
NJR,2026-11-17,2026-10-01
NMAX,2026-11-14,2026-10-01
OBE,2026-11-05,2026-10-01
OMC,2026-10-21,2026-10-01
OMDA,2026-11-06,2026-10-01
PAYX,2026-12-18,2026-10-01
PB,2026-10-28,2026-10-01
PBA,2026-11-06,2026-10-01
PBAM,,2026-10-03
PBF,2026-10-29,2026-10-01
PBR,2026-11-11,2026-10-01
PCAR,2026-10-27,2026-10-01
QTWO,2026-11-05,2026-10-01
RVMD,2026-11-05,2026-10-01
RVTY,2026-10-26,2026-10-01
RXO,2026-11-05,2026-10-01
RY,2026-12-03,2026-10-01
RYAN,2026-10-30,2026-10-01
SBLK,2026-11-19,2026-10-01
SCHL,2026-12-18,2026-10-01
SCI,2026-10-29,2026-10-01
SDRL,2026-11-04,2026-10-01
SLB,2026-10-23,2026-10-01
SLDE,2026-10-29,2026-10-01
SLG,2026-10-22,2026-10-01
SLM,2026-10-23,2026-10-01
SLN,2026-11-05,2026-10-01
SPOT,2026-10-22,2026-10-01
SPSC,2026-10-30,2026-10-01
TNK,2026-11-05,2026-10-01
TOST,2026-11-04,2026-10-01
TPG,2026-10-29,2026-10-01
TRGP,2026-11-05,2026-10-01
TRLV,2026-11-05,2026-10-01
TRMD,2026-11-04,2026-10-01
TRNO,2026-11-05,2026-10-01
TT,2026-10-29,2026-10-01
URGN,2026-11-05,2026-10-01
URI,2026-10-22,2026-10-01
VKTX,2026-10-29,2026-10-01
VSXY,2026-12-03,2026-10-01
VTR,2026-10-28,2026-10-01
W,2026-11-04,2026-10-01
XENE,2026-11-03,2026-10-01
XHR,2026-11-03,2026-10-01
ZBIO,2026-11-12,2026-10-01
ZGN,2026-09-03,2026-10-03
ZM,2026-11-25,2026-10-01
ACMR,2026-11-04,2026-10-02
ADUS,2026-11-03,2026-10-02
BCH,2026-10-30,2026-10-02
BUD,2026-10-29,2026-10-02
CB,2026-10-21,2026-10-02
CENTA,2026-11-26,2026-10-02
DLB,2026-11-18,2026-10-02
ELV,2026-10-21,2026-10-02
FOXF,2026-11-06,2026-10-02
FWONK,2026-11-05,2026-10-02
GRND,2026-11-06,2026-10-02
HAFN,2026-11-19,2026-10-02
HRI,2026-10-27,2026-10-02
HSHP,2026-11-11,2026-10-02
HTH,2026-10-23,2026-10-02
ICE,2026-10-29,2026-10-02
KN,2026-10-23,2026-10-02
MET,2026-11-10,2026-10-02
MMYT,2026-10-27,2026-10-02
MTRN,2026-10-28,2026-10-02
NE,2026-10-28,2026-10-02
PAYS,2026-11-12,2026-10-02
PRM,2026-10-29,2026-10-02
RBCAA,2026-10-16,2026-10-02
RPM,2026-10-06,2026-10-02
SFNC,2026-10-16,2026-10-02
SLF,2026-11-05,2026-10-02
SPHR,2026-11-05,2026-10-02
SPT,2026-11-05,2026-10-02
TER,2026-10-22,2026-10-02
THC,2026-10-28,2026-10-02
TIGO,2026-11-05,2026-10-02
V,2026-10-28,2026-10-02
VIAV,2026-10-29,2026-10-02
VRTX,2026-11-03,2026-10-02
VSAT,2026-11-06,2026-10-02
VVX,2026-11-03,2026-10-02
WIX,2026-11-18,2026-10-02
WNC,2026-11-05,2026-10-02
WYFI,2026-11-12,2026-10-02
XP,2026-11-17,2026-10-02
XYZ,2026-11-10,2026-10-02
HMC,2026-11-05,2026-10-02
HQI,2026-11-06,2026-10-02
AMPH,2026-11-06,2026-10-03
ARCC,2026-10-27,2026-10-03
ARHS,2026-11-05,2026-10-03
CNC,2026-10-27,2026-10-03
CRDO,2026-12-01,2026-10-03
CVCO,2026-10-30,2026-10-03
EHC,2026-10-29,2026-10-03
ENTG,2026-10-29,2026-10-03
HGTY,2026-11-04,2026-10-03
IART,2026-10-29,2026-10-03
IBRX,2026-11-03,2026-10-03
IDCC,2026-10-29,2026-10-03
JNJ,2026-10-13,2026-10-03
KLAC,2026-10-29,2026-10-03
LITE,2026-11-06,2026-10-03
LQDT,2026-11-19,2026-10-03
LRCX,2026-10-22,2026-10-03
MNDY,2026-11-09,2026-10-03
MOH,2026-10-22,2026-10-03
NBIS,2026-11-10,2026-10-03
NTCT,2026-11-05,2026-10-03
NVDA,2026-11-18,2026-10-03
ONTO,2026-11-06,2026-10-03
PVLA,2026-11-11,2026-10-03
QLYS,2026-11-04,2026-10-03
RACE,2026-11-03,2026-10-03
SVM,2026-11-06,2026-10-03
SYY,2026-11-03,2026-10-03
TD,2026-12-03,2026-10-03
TSEM,2026-11-09,2026-10-03
AAMI,2026-10-29,2026-10-03
AFG,2026-11-04,2026-10-03
ALLE,2026-10-22,2026-10-03
AMAL,2026-10-22,2026-10-03
AMG,2026-11-02,2026-10-03
AMN,2026-11-06,2026-10-03
AMTB,2026-10-23,2026-10-03
AMZN,2026-10-30,2026-10-03
APH,2026-10-28,2026-10-03
ASC,2026-11-04,2026-10-03
AVPT,2026-11-06,2026-10-03
BAP,2026-11-10,2026-10-03
BBY,2026-11-24,2026-10-03
BJ,2026-11-20,2026-10-03
BLX,2026-10-29,2026-10-03
BP,2026-10-30,2026-10-03
BWLP,2026-11-24,2026-10-03
C,2026-10-13,2026-10-03
CDNS,2026-10-27,2026-10-03
CGNX,2026-10-29,2026-10-03
CHE,2026-10-28,2026-10-03
CHEF,2026-10-28,2026-10-03
CLH,2026-11-04,2026-10-03
CLS,2026-10-27,2026-10-03
CNO,2026-11-03,2026-10-03
COKE,2026-10-29,2026-10-03
COLD,2026-11-05,2026-10-03
CPA,2026-11-19,2026-10-03
CR,2026-10-27,2026-10-03
CRBG,2026-11-03,2026-10-03
CTS,2026-10-27,2026-10-03
CXW,2026-11-05,2026-10-03
DIOD,2026-11-06,2026-10-03
DNOW,2026-11-04,2026-10-03
DRH,2026-11-04,2026-10-03
DSGX,2026-12-03,2026-10-03
DVN,2026-11-05,2026-10-03
DXPE,2026-11-06,2026-10-03
E,2026-10-24,2026-10-03
EBAY,2026-11-05,2026-10-03
ECPG,2026-11-05,2026-10-03
EG,2026-10-29,2026-10-03
EME,2026-10-29,2026-10-03
ENR,2026-11-17,2026-10-03
ENS,2026-11-05,2026-10-03
EOG,2026-11-06,2026-10-03
EPC,2026-11-12,2026-10-03
ETN,2026-11-03,2026-10-03
EW,2026-10-30,2026-10-03
EXEL,2026-10-28,2026-10-03
FAST,2026-10-14,2026-10-03
FCFS,2026-10-22,2026-10-03
FCX,2026-10-27,2026-10-03
FDMT,2026-11-11,2026-10-03
FIX,2026-10-23,2026-10-03
FLNG,2026-08-19,2026-10-04
FROG,2026-11-06,2026-10-03
GEF,2026-11-04,2026-10-03
GEO,2026-11-05,2026-10-03
GEV,2026-10-28,2026-10-03
GFF,2026-11-18,2026-10-03
GHC,2026-10-28,2026-10-03
GME,2026-12-08,2026-10-03
GNK,2026-11-05,2026-10-03
GOOG,2026-10-29,2026-10-03
GOOGL,2026-10-29,2026-10-03
GTES,2026-10-28,2026-10-03
GWW,2026-11-04,2026-10-03
HBM,2026-10-29,2026-10-03
HELE,2026-10-08,2026-10-03
HNI,2026-11-04,2026-10-03
HURN,2026-11-04,2026-10-03
IBKR,2026-10-16,2026-10-03
IDYA,2026-11-09,2026-10-03
IESC,2026-11-20,2026-10-03
IFF,2026-11-04,2026-10-03
IFS,2026-11-10,2026-10-03
INCY,2026-10-27,2026-10-03
INGM,2026-11-11,2026-10-03
IOT,2026-12-04,2026-10-03
IPAR,2026-11-05,2026-10-03
IRDM,2026-10-22,2026-10-03
ITT,2026-10-27,2026-10-03
JCI,2026-10-27,2026-10-03
KDP,2026-11-03,2026-10-03
KRYS,2026-11-02,2026-10-03
KWR,2026-10-30,2026-10-03
KYMR,2026-11-03,2026-10-03
LFUS,2026-10-28,2026-10-03
LLYVK,2026-11-05,2026-10-03
LNG,2026-10-29,2026-10-03
LOGI,2026-11-04,2026-10-03
LYV,2026-11-04,2026-10-03
M,2026-12-02,2026-10-03
MBIN,2026-10-28,2026-10-03
MCK,2026-11-05,2026-10-03
META,2026-10-29,2026-10-03
MFC,2026-11-05,2026-10-03
MFG,2026-11-14,2026-10-03
MGRC,2026-10-29,2026-10-03
MITK,2026-08-07,2026-10-03
MRX,2026-11-05,2026-10-03
MSGS,2026-10-30,2026-10-03
MSM,2026-10-22,2026-10-03
MUFG,2026-11-14,2026-10-03
MUR,2026-11-05,2026-10-03
MYE,2026-11-05,2026-10-03
NHC,2026-11-06,2026-10-03
NOVT,2026-11-03,2026-10-03
NVT,2026-10-30,2026-10-03
NX,2026-09-04,2026-10-03
ODC,2026-10-09,2026-10-03
OPLN,2026-11-04,2026-10-03
OTTR,2026-11-03,2026-10-03
PBI,2026-11-06,2026-10-03
PCRX,2026-11-06,2026-10-03
PCTY,2026-11-04,2026-10-03
PK,2026-11-05,2026-10-03
PM,2026-10-21,2026-10-03
PPLI,2026-11-03,2026-10-03
PSO,2026-08-01,2026-10-03
PWR,2026-10-29,2026-10-03
RDWR,2026-10-28,2026-10-03
REX,2026-12-03,2026-10-03
RGA,2026-10-30,2026-10-03
RLJ,2026-11-05,2026-10-03
RNR,2026-11-04,2026-10-03
RS,2026-10-22,2026-10-03
SCCO,2026-10-23,2026-10-03
SCL,2026-10-28,2026-10-03
SEI,2026-11-03,2026-10-03
SHC,2026-11-03,2026-10-03
SHOP,2026-11-03,2026-10-03
SJM,2026-11-24,2026-10-03
SKY,2026-10-27,2026-10-03
SNDA,2026-11-09,2026-10-03
SNPS,2026-08-27,2026-10-03
SOLV,2026-11-06,2026-10-03
SPNT,2026-10-30,2026-10-03
ST,2026-10-28,2026-10-03
STLD,2026-10-20,2026-10-03
SU,2026-11-04,2026-10-03
TECK,2026-10-29,2026-10-03
TEL,2026-10-28,2026-10-03
TENB,2026-10-29,2026-10-03
TGT,2026-11-18,2026-10-03
TILE,2026-11-06,2026-10-03
TPC,2026-11-05,2026-10-03
TREX,2026-11-04,2026-10-03
TRIN,2026-11-04,2026-10-03
TRMK,2026-10-28,2026-10-03
TRNS,2026-11-03,2026-10-03
TRS,2026-10-27,2026-10-03
URBN,2026-11-26,2026-10-03
UTHR,2026-10-28,2026-10-03
VLTO,2026-10-22,2026-10-03
WABC,2026-10-16,2026-10-03
WELL,2026-10-27,2026-10-03
WKC,2026-10-23,2026-10-03
WLY,2026-12-03,2026-10-03
WTS,2026-10-29,2026-10-03
WTTR,2026-11-04,2026-10-03
XOM,2026-10-30,2026-10-03
AA,2026-10-16,2026-10-03
AAOI,2026-11-06,2026-10-03
AAON,2026-11-05,2026-10-03
AAP,2026-11-05,2026-10-03
ABG,2026-10-27,2026-10-03
ACA,2026-10-30,2026-10-03
ACHC,2026-11-05,2026-10-03
ACI,2026-10-13,2026-10-03
ACM,2026-11-18,2026-10-03
ACN,2026-12-17,2026-10-03
AD,2026-11-09,2026-10-03
ADBE,2026-12-10,2026-10-03
ADC,2026-10-21,2026-10-03
ADEA,2026-11-03,2026-10-03
ADNT,2026-11-04,2026-10-03
ADSK,2026-11-28,2026-10-03
AEE,2026-11-05,2026-10-03
AEIS,2026-11-04,2026-10-03
AEM,2026-10-29,2026-10-03
AEO,2026-12-02,2026-10-03
AEP,2026-10-28,2026-10-03
AES,2026-11-05,2026-10-03
AESI,2026-11-03,2026-10-03
AFRM,2026-11-06,2026-10-03
AG,2026-10-29,2026-10-03
AGCO,2026-10-30,2026-10-03
AGI,2026-10-29,2026-10-03
AGIO,2026-10-29,2026-10-03
AGO,2026-11-06,2026-10-03
AGX,2026-09-03,2026-10-03
AI,2026-09-03,2026-10-04
AIG,2026-11-04,2026-10-03
AIN,2026-11-04,2026-10-03
AKR,2026-10-28,2026-10-03
ALB,2026-11-05,2026-10-03
ALC,2026-11-11,2026-10-03
ALG,2026-11-06,2026-10-03
ALGM,2026-10-29,2026-10-03
ALGN,2026-10-29,2026-10-03
ALGT,2026-11-05,2026-10-03
ALK,2026-10-23,2026-10-03
ALLY,2026-10-20,2026-10-03
ALM,2026-11-07,2026-10-03
ALNY,2026-10-29,2026-10-03
AMBA,2026-12-02,2026-10-03
AMKR,2026-10-27,2026-10-03
AMR,2026-11-06,2026-10-03
AMRC,2026-11-03,2026-10-03
AMRZ,2026-10-28,2026-10-03
AMSC,2026-11-05,2026-10-03
AMSF,2026-10-29,2026-10-03
AMT,2026-10-27,2026-10-03
AMTM,2026-08-11,2026-10-03
AN,2026-10-29,2026-10-03
ANIP,2026-11-06,2026-10-03
AON,2026-10-30,2026-10-03
AORT,2026-11-06,2026-10-03
AOS,2026-10-29,2026-10-03
AOSL,2026-11-10,2026-10-03
APEI,2026-11-10,2026-10-03
APG,2026-10-29,2026-10-03
APLD,2026-10-08,2026-10-03
APP,2026-11-05,2026-10-03
APPS,2026-11-04,2026-10-03
APTV,2026-10-29,2026-10-03
ARIS,2026-10-29,2026-10-03
ARLO,2026-11-06,2026-10-03
AROC,2026-10-28,2026-10-03
ARR,2026-10-29,2026-10-03
ARX,2026-11-11,2026-10-03
AS,2026-11-17,2026-10-03
ASO,2026-12-08,2026-10-03
ASR,2026-10-22,2026-10-03
ASTS,2026-11-10,2026-10-03
ATEC,2026-10-30,2026-10-03
ATKR,2026-11-19,2026-10-03
ATMU,2026-11-06,2026-10-03
ATO,2026-11-05,2026-10-03
AVA,2026-11-04,2026-10-03
AVAV,2026-12-03,2026-10-03
AVBP,2026-11-17,2026-10-03
AVO,2026-09-09,2026-10-03
AVY,2026-10-29,2026-10-03
AWI,2026-10-27,2026-10-03
AXP,2026-10-23,2026-10-03
AXS,2026-10-29,2026-10-03
AZN,2026-10-31,2026-10-03
AZO,2026-12-08,2026-10-03
B,2026-11-09,2026-10-03
BA,2026-10-27,2026-10-03
BAH,2026-10-23,2026-10-03
BANC,2026-10-28,2026-10-03
BANF,2026-10-17,2026-10-03
BAR,,2026-10-03
BBW,2026-08-27,2026-10-03
BBWI,2026-11-19,2026-10-03
BC,2026-10-22,2026-10-03
BCC,2026-11-03,2026-10-03
BCE,2026-11-05,2026-10-03
BCO,2026-11-04,2026-10-03
BDC,2026-10-29,2026-10-03
BEAM,2026-11-03,2026-10-03
BEPC,2026-11-04,2026-10-03
BETA,2026-11-16,2026-10-03
BG,2026-10-29,2026-10-03
BH,2026-11-07,2026-10-03
BHVN,2026-11-10,2026-10-03
BIPC,2026-11-06,2026-10-03
BIRK,2026-08-13,2026-10-03
BKD,2026-11-06,2026-10-03
BKE,2026-11-20,2026-10-03
BKH,2026-11-05,2026-10-03
BKSY,2026-11-05,2026-10-03
BKU,2026-10-21,2026-10-03
BKV,2026-11-10,2026-10-03
BL,2026-11-04,2026-10-03
BLDR,2026-10-29,2026-10-03
BLSH,2026-11-12,2026-10-03
BLZE,2026-11-06,2026-10-03
BMA,2026-11-26,2026-10-03
BMI,2026-10-22,2026-10-03
BN,2026-11-12,2026-10-03
BOOT,2026-10-29,2026-10-03
BOW,2026-11-03,2026-10-03
BR,2026-11-03,2026-10-03
BROS,2026-11-05,2026-10-03
BRUN,2026-11-16,2026-10-03
BSX,2026-10-28,2026-10-03
BSY,2026-11-04,2026-10-03
BTDR,2026-11-09,2026-10-03
BTI,2026-07-31,2026-10-03
BTU,2026-10-29,2026-10-03
CTSH,2026-10-29,2026-10-04
HCA,2026-10-27,2026-10-04
ISRG,2026-10-21,2026-10-04
PWP,2026-11-06,2026-10-04
QGEN,2026-11-05,2026-10-04
TECH,2026-11-09,2026-10-04
UHS,2026-10-27,2026-10-04
ULTA,2026-12-04,2026-10-04
WAY,2026-10-29,2026-10-04
BZH,2026-11-12,2026-10-04
DV,2026-11-06,2026-10-04
GSAT,2026-11-05,2026-10-04
HZO,2026-11-12,2026-10-04
ITGR,2026-10-29,2026-10-04
LXP,2026-10-29,2026-10-04
OGN,2026-11-09,2026-10-04
SAFT,2026-11-03,2026-10-04
SANM,2026-11-03,2026-10-04
SITM,2026-11-05,2026-10-04
SLAB,2026-11-04,2026-10-04
