symbol,revenue_yoy_pct,earnings_yoy_pct,gross_margin_pct,gross_margin_change_pp,quarters_available,fetched_at
ABDL.NS,6.331044042730287,-37.415247124887465,45.97795892233178,2.6110887434547294,5,2026-10-04 11:52:16.150445
ADANIPORTS.NS,27.47689799303523,20.110675398610585,49.99963034156439,-2.609447415950534,5,2026-10-04 11:59:13.520345
AUROPHARMA.NS,8.646815700049636,14.288244213975007,60.168881001381536,1.0689039100142708,5,2026-10-04 11:59:13.520345
GLAND.NS,26.342875229225164,69.91385271870527,65.32022123335875,-0.435346315165404,5,2026-10-04 11:59:13.520345
RBLBANK.NS,0.4666084543058955,169.26083457868722,,,5,2026-10-04 11:59:13.520345
REDINGTON.NS,32.08355774351278,-26.98837174363751,3.422638776695921,-0.446243146232042,5,2026-10-04 11:59:13.520345
SAMBHV.NS,31.066056362988675,66.87726964069557,28.959685757327847,-0.964109820774972,6,2026-10-04 11:59:13.520345
SHYAMMETL.NS,23.334893363991327,18.113982543214103,28.332988090022347,0.4342137315001686,5,2026-10-04 11:59:13.520345
SONACOMS.NS,50.47135010118531,9.961004143309774,50.04530429964318,-6.431712179107905,5,2026-10-04 11:59:13.520345
TFCILTD.NS,32.17324778983212,100.29942177238055,60.80747604626404,4.249548899408488,5,2026-10-04 11:59:13.520345
ACMESOLAR.NS,76.11437561487573,90.76376842139395,95.45749278698695,,5,2026-10-08 05:02:37.084925
ADANIGREEN.NS,15.557337610264636,18.513323983169705,99.19037705297248,10.444052540809963,6,2026-10-08 05:02:37.084925
AEGISLOG.NS,37.073763674748896,268.9003959792872,31.968805953684136,15.110697649091282,5,2026-10-08 05:02:37.084925
AEROFLEX.NS,58.54902897426921,67.31897541822845,44.49246541561451,2.2391316896611286,5,2026-10-08 05:02:37.084925
AETHER.NS,27.248674156077453,33.448884540949784,49.831422998128964,1.902700990873356,6,2026-10-08 05:02:37.084925
ANTHEM.NS,-22.582185783650402,-11.672349419328231,65.04239415807066,7.780852791673581,5,2026-10-08 05:02:37.084925
APARINDS.NS,26.555682326277,86.98747949917997,22.847675059619714,1.6131509380637254,5,2026-10-08 05:02:37.084925
APOLLO.NS,55.34284868270169,92.18629495272644,29.464489659481163,1.9448579923951677,5,2026-10-08 05:02:37.084925
AVALON.NS,49.830502183676245,145.3144786829886,34.66600882716024,-0.8462581133423157,5,2026-10-08 05:02:37.084925
AZAD.NS,35.983959157304255,41.474709095226785,94.39046576167881,7.157747484887608,5,2026-10-08 05:02:37.084925
BALAMINES.NS,27.23225797089478,97.20261685587819,44.51217479343121,3.6768759218529468,5,2026-10-08 05:02:37.084925
BALRAMCHIN.NS,6.128513439079749,-14.400170631919803,20.082863257601907,-0.5843915015217114,5,2026-10-08 05:02:37.084925
BBOX.NS,23.923734802486408,17.900063251106893,17.597323247017748,3.6199374356904617,5,2026-10-08 05:02:37.084925
BHEL.NS,-14.406724064505298,-25.322628605411836,31.19079415723097,-2.6129968577055855,5,2026-10-08 05:02:37.084925
CAPLIPOINT.NS,21.47676385710021,24.086413691519954,59.82698735172684,-0.12922719698447338,5,2026-10-08 05:02:37.084925
CARBORUNIV.NS,17.652406729333656,162.18256691832534,59.16119015717051,-3.0384378444642763,5,2026-10-08 05:02:37.084925
CGPOWER.NS,19.182132906127283,15.089899621281758,30.78508051365364,1.0147037658686777,5,2026-10-08 05:02:37.084925
CHENNPETRO.NS,58.67052927917482,119.46885706381802,7.401658867773967,1.0219131184255943,5,2026-10-08 05:02:37.084925
CPPLUS.NS,89.50660575079354,332.5080601009794,30.797144077483264,8.100441074795558,6,2026-10-08 05:02:37.084925
CUPID.NS,158.6995379977226,194.18020443248,58.125391849529784,-1.5879426765709184,6,2026-10-08 05:02:37.084925
DIVISLAB.NS,19.148936170212767,36.25377643504532,67.98701298701299,5.936722851616473,5,2026-10-08 05:02:37.084925
EBGNG.NS,32.080927632021364,56.20950323974082,24.64572408057974,3.2853380155545544,5,2026-10-08 05:02:37.084925
EDELWEISS.NS,19.795944558521562,83.04627826868354,,,6,2026-10-08 05:02:37.084925
EMIL.NS,39.06893221186738,458.0654114817042,17.24582609379743,2.6856067065409785,5,2026-10-08 05:02:37.084925
ENGINERSIN.NS,-5.804166164479428,141.48872569031926,59.94797535428159,11.134916195839779,6,2026-10-08 05:02:37.084925
FCL.NS,174.7663271857126,54.76141534567468,35.41956685607564,1.8917128815221247,5,2026-10-08 05:02:37.084925
FINCABLES.NS,44.25805434533364,53.14229492067396,19.429749397710054,0.41748156923034685,5,2026-10-08 05:02:37.084925
GNFC.NS,39.787632729544036,275.90361445783134,53.1277926720286,5.657461628930534,5,2026-10-08 05:02:37.084925
GRAPHITE.NS,26.61654135338346,28.35820895522388,49.049881235154395,5.440858678763419,6,2026-10-08 05:02:37.084925
HFCL.NS,139.15725846737936,,38.82181537143991,19.953796588344698,5,2026-10-08 05:02:37.084925
HONASA.NS,26.995534679313373,118.38838475499091,69.6999521129816,-1.5037693235816079,6,2026-10-08 05:02:37.084925
IBULLSLTD.NS,308.42013888888886,,31.852639036486007,89.11537051796748,5,2026-10-08 05:02:37.084925
INOXINDIA.NS,0.3769648871758305,-11.35832168173742,61.137335577548825,3.4444906282827503,5,2026-10-08 05:02:37.084925
IOLCP.NS,37.08060686254962,89.80253463012083,36.79686880173485,2.817641337035475,5,2026-10-08 05:02:37.084925
KIRLOSENG.NS,13.494230299865478,-19.85480687905272,41.043145139107686,-1.3092351105247886,6,2026-10-08 05:02:37.084925
KTKBANK.NS,16.140180791569044,43.28888888888889,,,5,2026-10-08 05:02:37.084925
LALPATHLAB.NS,19.09525231412362,28.02114803625378,66.46609000877523,0.013417569241042315,6,2026-10-08 05:02:37.084925
LAURUSLABS.NS,17.788176480846364,57.31587281208542,62.6903089852984,8.18702467442239,5,2026-10-08 05:02:37.084925
LLOYDSENGG.NS,142.91507303810883,111.96156394963552,20.366119700275064,-5.144225445109942,5,2026-10-08 05:02:37.084925
MANINDS.NS,41.90640453828844,-13.034033309196236,35.14760760779771,14.690275334476325,5,2026-10-08 05:02:37.084925
MARINE.NS,3.3589295072277885,29.021869886503733,18.01238449345354,0.5749611164655306,5,2026-10-08 05:02:37.084925
MARKSANS.NS,35.614664131137815,169.50460414630382,59.14990080828167,1.3783919589311182,5,2026-10-08 05:02:37.084925
MCX.NS,88.09785375525844,103.47458044195088,82.15811965811966,6.4634705329622335,6,2026-10-08 05:02:37.084925
MOREPENLAB.NS,34.07245528865193,424.7285617260404,44.09966812721562,5.797871583720529,5,2026-10-08 05:02:37.084925
MOTILALOFS.NS,43.601280178976474,,47.56660146445325,-8.752573255119188,5,2026-10-08 05:02:37.084925
MTARTECH.NS,98.55169489634241,266.0326483019968,44.785777707843955,-6.4605680554730895,5,2026-10-08 05:02:37.084925
NAVINFLUOR.NS,49.09692698376466,156.22367312552655,56.965017032188925,2.7735027798991396,5,2026-10-08 05:02:37.084925
NAZARA.NS,-14.034524931331074,-249.49494949494948,84.2199780768244,11.122157438053023,5,2026-10-08 05:02:37.084925
NEOGEN.NS,34.03845123975794,66.76413255360623,46.84965440089496,1.3400951442141888,6,2026-10-08 05:02:37.084925
NRBBEARING.NS,19.184002580228995,14.802119040199438,60.227857007550135,-1.6008802928852717,6,2026-10-08 05:02:37.084925
NUVAMA.NS,9.39311285373338,15.847098045158356,18.30727408100012,-8.964764408222141,6,2026-10-08 05:02:37.084925
NYKAA.NS,29.09872200618115,243.2246998284734,45.851186196980585,1.2323104974251464,5,2026-10-08 05:02:37.084925
PAISALO.NS,18.879025636514253,29.982679999745603,48.56223567178727,-0.3647347182953453,6,2026-10-08 05:02:37.084925
PAYTM.NS,28.03347280334728,,30.75980392156863,4.713778816966119,5,2026-10-08 05:02:37.084925
RAYMOND.NS,8.637391023571197,-76.76257909008739,42.92036128861809,5.450408287505901,5,2026-10-08 05:02:37.084925
ROSSTECH.NS,77.10442072821166,116.53971047919637,38.7170222724892,-2.5961940492117606,5,2026-10-08 05:02:37.084925
RRKABEL.NS,42.85095922331498,58.911225777073575,18.534183448014645,-1.0617424906029989,5,2026-10-08 05:02:37.084925
SAILIFE.NS,-4.352320161792696,-16.975382070715654,41.40036262933329,-3.584426165280064,5,2026-10-08 05:02:37.084925
SANSERA.NS,27.773229007282012,104.82673684920876,57.73883545500239,0.4279093651311925,5,2026-10-08 05:02:37.084925
SCI.NS,40.31184462478345,74.87082474517887,35.076033272680014,16.10624512034422,5,2026-10-08 05:02:37.084925
SHILPAMED.NS,44.89065853734407,115.1877133105802,70.98415560994461,-4.2514806858217185,6,2026-10-08 05:02:37.084925
SHREEJISPG.NS,29.563755474769533,19.029188840509594,29.070764044836224,-9.53675236396311,5,2026-10-08 05:02:37.084925
SKYGOLD.NS,77.92864021549515,140.67134388077233,9.315668136712855,1.2413271898234068,6,2026-10-08 05:02:37.084925
SOLARINDS.NS,70.26155167212049,92.66312370829642,49.370263344419605,1.2428990519087577,5,2026-10-08 05:02:37.084925
SOUTHBANK.NS,-2.523149112212458,10.294675973248445,,,5,2026-10-08 05:02:37.084925
SSWL.NS,27.219235908521227,47.01166967598815,34.73212637573674,-0.295973921486528,5,2026-10-08 05:02:37.084925
STLTECH.NS,81.55893536121674,,49.58115183246073,4.048832440825755,5,2026-10-08 05:02:37.084925
SYRMA.NS,68.28937053751139,101.19420989143546,24.510423525353485,-0.20588402353526192,6,2026-10-08 05:02:37.084925
TDPOWERSYS.NS,83.81393278433119,62.75360378116471,34.69157831863848,-1.204690429162767,5,2026-10-08 05:02:37.084925
UNIMECH.NS,70.85721996872445,45.697358857579104,42.17434612768583,5.490824532474001,6,2026-10-08 05:02:37.084925
USHAMART.NS,15.279885724488885,40.5881770472324,49.72507260406583,3.6265099757290784,5,2026-10-08 05:02:37.084925
WELCORP.NS,3.9783743570014547,49.8603771963741,42.8847963304191,6.5298687768327,5,2026-10-08 05:02:37.084925
WELENT.NS,-8.44092065558251,-48.74394006170119,31.410587809543504,0.8881335168980975,6,2026-10-08 05:02:37.084925
WELSPUNLIV.NS,23.661288966941964,83.58652198743575,45.20524423616949,-2.4570710206020294,6,2026-10-08 05:02:37.084925
WHEELS.NS,17.819043856183328,28.21285140562249,32.735747820254865,1.7306115104958728,5,2026-10-08 05:02:37.084925
WOCKPHARMA.NS,25.033647375504707,,65.55435952637244,0.5476300512714971,5,2026-10-08 05:02:37.084925
YATHARTH.NS,51.45941900967031,11.954039394804452,82.33864929428964,2.4688725948485626,6,2026-10-08 05:02:37.084925
ZYDUSLIFE.NS,24.034211948745668,-19.736954479460245,71.29197641630351,-1.7279593568038507,5,2026-10-08 05:02:37.084925
